{
    "Femur Sequence": [
        0.32397444087808047, 
        0.8598585455355021, 
        0.43596376474332954, 
        0.7233317859232347, 
        0.6098377466618061
    ], 
    "Tibia Sequence": [
        0.7752722699201859, 
        0.7931657698243922, 
        0.7293248253739832, 
        0.7180522833093493, 
        0.09791759917963694
    ]
}