{
    "Femur Sequence": [
        0.7531028866093057, 
        0.3467967401003962, 
        0.013375533704804043, 
        0.3853465811568618, 
        0.24076046723781397
    ], 
    "Tibia Sequence": [
        0.05270532047480869, 
        0.13425311606425916, 
        0.20871628808090104, 
        0.5115595610477378, 
        0.5528257448804149
    ]
}