{
    "Femur Sequence": [
        0.5238946717045809, 
        0.22213772664129006, 
        0.5266854703435092, 
        0.7651811382268706, 
        0.6434371816220611
    ], 
    "Tibia Sequence": [
        0.34247390913177733, 
        0.5494937316732896, 
        0.647233730436499, 
        0.13512042447768724, 
        0.7107025694691634
    ]
}